ID,Churn
ID03436,1
ID05166,0
ID04004,0
ID05309,0
ID05434,1
ID00620,0
ID01038,0
ID01324,0
ID03193,0
ID01701,0
ID06428,0
ID02743,0
ID03309,1
ID01779,1
ID00316,0
ID03978,0
ID02103,0
ID03395,0
ID01442,0
ID05223,1
ID01842,1
ID04216,0
ID03776,0
ID01928,0
ID03930,1
ID02442,0
ID00253,0
ID06017,0
ID02535,0
ID03857,0
ID04765,0
ID02654,0
ID06771,1
ID00610,1
ID03655,0
ID06923,0
ID06660,0
ID05129,0
ID07013,0
ID00538,1
ID05730,0
ID02423,0
ID05015,0
ID04225,1
ID06399,0
ID01989,0
ID04168,0
ID00826,0
ID04603,0
ID04443,0
ID04126,0
ID00100,1
ID00613,1
ID03360,0
ID04978,0
ID00088,0
ID02893,0
ID02772,0
ID04963,1
ID04665,1
ID03992,0
ID04943,0
ID01525,0
ID03018,1
ID02781,0
ID05714,0
ID06502,0
ID06874,0
ID02153,0
ID01859,0
ID01408,0
ID04411,1
ID05642,1
ID03811,0
ID05348,0
ID04953,0
ID06744,0
ID03953,1
ID05105,0
ID06538,0
ID06019,0
ID01156,1
ID02689,0
ID03952,0
ID05789,0
ID00905,0
ID01292,0
ID02824,0
ID03533,0
ID02221,1
ID06776,1
ID03718,0
ID01524,0
ID04838,1
ID04278,0
ID00242,0
ID02134,0
ID06438,1
ID00799,0
ID03008,0
ID01027,0
ID03012,0
ID00128,0
ID02045,0
ID01514,0
ID02207,1
ID00999,1
ID02597,0
ID00576,0
ID01095,0
ID00189,0
ID03740,0
ID03987,1
ID06202,1
ID05550,0
ID04847,0
ID01809,0
ID00200,1
ID03860,0
ID03980,0
ID06890,0
ID02998,0
ID06248,0
ID05809,0
ID05871,0
ID01091,1
ID00670,1
ID05061,0
ID00458,0
ID03738,0
ID01395,0
ID00117,0
ID05751,1
ID05572,1
ID03772,1
ID00828,1
ID03550,1
ID01209,0
ID03880,1
ID07010,1
ID01010,0
ID06775,0
ID06029,1
ID02866,1
ID01902,1
ID07027,1
ID03512,0
ID03454,1
ID00498,1
ID04645,0
ID00092,1
ID03197,0
ID04178,1
ID00513,1
ID02872,0
ID03083,1
ID06255,1
ID01382,1
ID05972,1
ID05604,1
ID04101,0
ID03944,0
ID05639,0
ID04534,0
ID06823,0
ID01500,0
ID01327,0
ID04218,0
ID02469,1
ID06151,1
ID03474,1
ID05372,0
ID02139,1
ID04273,0
ID02715,1
ID04243,0
ID05483,1
ID02306,0
ID00412,0
ID02553,0
ID03892,1
ID06037,0
ID03839,0
ID00712,1
ID02187,1
ID06942,0
ID00212,0
ID01225,0
ID03876,1
ID06967,0
ID06956,1
ID04121,0
ID03630,1
ID04316,1
ID05331,1
ID05045,0
ID06600,0
ID00190,0
ID00195,1
ID05734,0
ID01955,0
ID01425,1
ID06464,0
ID05582,0
ID00342,1
ID04668,1
ID06614,1
ID06750,0
ID02152,1
ID06820,0
ID04525,0
ID06293,0
ID06433,1
ID05341,1
ID03711,0
ID04948,0
ID06096,1
ID02209,1
ID00737,1
ID01682,1
ID05693,0
ID06974,0
ID00493,1
ID04332,1
ID01730,1
ID05576,0
ID04007,0
ID00177,1
ID00975,0
ID00850,1
ID02430,0
ID02484,1
ID03618,0
ID06844,1
ID05652,0
ID02099,0
ID00742,0
ID00227,0
ID02075,0
ID05917,1
ID01718,0
ID03046,1
ID03246,1
ID03717,0
ID05965,0
ID06311,0
ID00715,0
ID03874,1
ID05824,0
ID05694,0
ID01885,0
ID01447,0
ID03506,1
ID02650,1
ID02412,1
ID05544,1
ID01797,1
ID05399,1
ID01177,0
ID05817,1
ID03250,0
ID02493,0
ID02532,0
ID00596,1
ID06574,1
ID06836,0
ID02100,0
ID02932,0
ID05146,0
ID06695,1
ID00150,1
ID02471,1
ID03210,0
ID06284,1
ID05421,0
ID05437,0
ID03149,0
ID02122,0
ID06916,0
ID04062,1
ID02595,0
ID03803,1
ID03152,0
ID03410,1
ID06047,1
ID00293,0
ID01126,1
ID04229,0
ID06083,1
ID04946,0
ID02920,0
ID06525,0
ID00306,1
ID00728,0
ID05053,0
ID04588,1
ID03778,1
ID02785,1
ID06655,0
ID05990,0
ID06805,0
ID06635,1
ID03326,1
ID02155,1
ID06116,0
ID01197,0
ID03105,0
ID04210,0
ID05262,0
ID06154,0
ID06349,0
ID04058,1
ID03187,0
ID04646,1
ID01214,0
ID03064,0
ID01536,1
ID06216,1
ID04738,0
ID05748,1
ID01905,1
ID00578,1
ID05396,1
ID06751,0
ID00349,0
ID01435,1
ID01404,0
ID02149,0
ID02961,1
ID06583,0
ID04078,0
ID01035,1
ID01363,1
ID02112,1
ID02935,1
ID03346,1
ID00986,0
ID06599,0
ID00545,1
ID06021,1
ID01620,1
ID00546,0
ID04189,0
ID01106,0
ID03073,1
ID05601,0
ID05731,0
ID05919,1
ID03823,1
ID06748,0
ID01004,1
ID04832,1
ID05067,0
ID05846,0
ID00616,0
ID02884,0
ID00261,1
ID03050,1
ID04893,0
ID02879,1
ID06395,1
ID03382,0
ID01838,0
ID02769,1
ID01365,1
ID00028,0
ID04079,1
ID03059,0
ID03919,1
ID02323,0
ID05643,0
ID06542,0
ID05479,0
ID01380,1
ID02288,1
ID07028,0
ID00476,1
ID00561,0
ID00998,1
ID05172,0
ID04919,1
ID03164,1
ID06752,1
ID05178,1
ID01813,1
ID05589,1
ID01438,0
ID04039,1
ID06963,0
ID02733,0
ID06936,0
ID06917,1
ID00055,0
ID04730,0
ID01856,1
ID02614,0
ID04656,1
ID02977,1
ID03419,0
ID00446,0
ID02521,1
ID03190,0
ID01299,0
ID03673,1
ID04096,1
ID02413,0
ID00346,0
ID00845,1
ID05041,1
ID01379,0
ID01311,1
ID04538,1
ID04917,0
ID03747,1
ID03575,0
ID01381,1
ID05332,1
ID04703,0
ID00823,0
ID06213,1
ID05816,0
ID02729,1
ID01857,1
ID01775,1
ID03301,1
ID05291,1
ID00863,1
ID01319,0
ID01613,0
ID00107,0
ID05644,0
ID01242,1
ID03042,1
ID01210,0
ID05329,0
ID04109,1
ID00485,0
ID00915,0
ID00604,0
ID03713,1
ID05754,1
ID05944,1
ID01080,1
ID04817,1
ID04936,0
ID00618,1
ID01013,1
ID04063,0
ID02477,0
ID02528,0
ID01045,1
ID06204,0
ID06634,0
ID05505,1
ID03450,0
ID01760,0
ID04814,0
ID06945,1
ID06078,0
ID00632,0
ID05557,0
ID07017,0
ID04597,0
ID00453,0
ID05428,1
ID02371,1
ID02694,0
ID06126,0
ID05432,0
ID02937,1
ID00323,0
ID01474,1
ID03074,0
ID06716,0
ID06142,1
ID01956,1
ID06499,0
ID06623,1
ID04988,0
ID03085,0
ID03890,1
ID01736,0
ID01947,0
ID05302,1
ID06095,1
ID04143,0
ID04837,0
ID06323,1
ID05618,1
ID05773,0
ID05227,0
ID00072,1
ID03136,0
ID01863,1
ID01021,1
ID04183,0
ID00503,1
ID03217,1
ID03970,0
ID06000,1
ID01279,1
ID06901,1
ID04072,1
ID00700,1
ID05358,0
ID04407,1
ID03145,1
ID04681,1
ID02200,0
ID02216,1
ID01540,0
ID02041,1
ID04084,1
ID05186,1
ID02643,0
ID01224,1
ID06246,1
ID05236,0
ID03941,1
ID02728,1
ID06841,0
ID03056,1
ID04861,1
ID06503,1
ID01847,1
ID02639,0
ID03706,1
ID04490,1
ID06629,0
ID03266,1
ID03330,0
ID06630,0
ID05460,0
ID01028,1
ID02868,1
ID06958,1
ID00916,1
ID02095,1
ID03084,0
ID07012,1
ID05924,0
ID00862,1
ID04929,0
ID00977,0
ID01388,0
ID02022,1
ID03155,0
ID04353,0
ID00590,0
ID01339,1
ID04513,1
ID07023,0
ID06975,1
ID02334,0
ID05499,0
ID05138,1
ID04434,1
ID02317,0
ID06359,1
ID05720,1
ID02996,0
ID05740,1
ID04996,0
ID02621,0
ID03319,0
ID03338,1
ID02215,0
ID02008,1
ID01321,0
ID05308,1
ID03376,0
ID01218,0
ID03211,1
ID02419,0
ID06539,1
ID02275,1
ID00696,0
ID00201,0
ID01893,0
ID01409,1
ID02699,1
ID02760,1
ID05422,0
ID06145,1
ID06721,0
ID00521,1
ID03196,0
ID01122,0
ID03318,1
ID00983,0
ID01743,1
ID00577,0
ID01264,1
ID05683,0
ID00581,0
ID00102,1
ID04581,0
ID04632,1
ID02897,1
ID01828,1
ID01538,1
ID02720,0
ID00110,0
ID03097,1
ID04293,0
ID00287,0
ID02788,1
ID01431,0
ID00730,1
ID02801,0
ID00043,0
ID01213,1
ID03024,1
ID01597,0
ID05018,0
ID04938,0
ID06322,0
ID01602,1
ID06718,0
ID02363,1
ID05997,0
ID06553,0
ID01202,1
ID06883,0
ID02681,1
ID06461,0
ID04696,0
ID02401,1
ID06287,1
ID03607,0
ID00923,0
ID02428,0
ID04478,1
ID00017,1
ID06437,0
ID06026,0
ID02031,1
ID03088,1
ID03726,1
ID01308,0
ID02194,0
ID03750,1
ID05543,1
ID01344,0
ID04556,1
ID03248,0
ID01195,1
ID01089,1
ID04098,0
ID03332,1
ID03176,0
ID04184,0
ID00980,1
ID03757,1
ID02208,1
ID01778,1
ID06471,1
ID02870,1
ID01985,0
ID02816,0
ID04930,1
ID05335,0
ID05771,0
ID03955,0
ID01570,0
ID06067,0
ID06290,1
ID01655,1
ID06325,0
ID06430,0
ID04546,0
ID03035,0
ID02804,0
ID01169,1
ID04456,0
ID02474,0
ID05894,0
ID05114,0
ID02839,1
ID06394,0
ID06568,1
ID06281,1
ID00160,1
ID01759,0
ID04576,0
ID00339,0
ID05561,1
ID04438,0
ID06238,0
ID04896,1
ID00762,1
ID05149,1
ID00937,1
ID00866,1
ID05006,1
ID00871,0
ID03712,0
ID03370,1
ID04485,1
ID02005,0
ID02146,0
ID02626,0
ID03011,1
ID03689,1
ID01445,0
ID00365,0
ID02414,1
ID01275,1
ID02166,0
ID01230,0
ID05233,0
ID06417,1
ID06548,0
ID03988,1
ID00851,0
ID00504,0
ID03402,1
ID01937,1
ID02820,1
ID04795,1
ID06007,0
ID03523,0
ID05970,0
ID04787,0
ID04975,0
ID00023,0
ID03751,1
ID00776,1
ID04718,1
ID02738,1
ID00230,1
ID03240,0
ID04764,1
ID04247,0
ID06860,1
ID00608,0
ID00717,0
ID03583,1
ID06509,0
ID00151,1
ID04433,0
ID02895,0
ID06755,0
ID04363,0
ID04429,1
ID00322,0
ID01816,1
ID04742,0
ID04777,1
ID02079,1
ID01167,0
ID03672,1
ID00472,0
ID04654,1
ID04085,1
ID02758,1
ID05245,0
ID04193,0
ID05439,0
ID00619,0
ID00523,0
ID06342,1
ID06561,0
ID02896,1
ID02252,0
ID04973,0
ID02767,1
ID03961,0
ID05586,0
ID01978,0
ID00307,0
ID01236,0
ID00444,1
ID05068,0
ID05627,0
ID04249,0
ID05444,1
ID01325,1
ID04650,1
ID03239,0
ID00585,0
ID03796,1
ID01610,1
ID04827,0
ID01629,1
ID01247,1
ID06475,0
ID01894,1
ID03203,1
ID03933,1
ID02261,1
ID04383,0
ID00445,1
ID00790,0
ID06101,0
ID05774,0
ID01300,0
ID00807,1
ID01101,1
ID06150,0
ID01367,0
ID02016,1
ID01301,1
ID06206,1
ID03567,0
ID03230,0
ID06763,0
ID02723,1
ID06903,0
ID00259,0
ID05803,0
ID02343,1
ID02437,1
ID00213,1
ID02717,0
ID00010,1
ID03844,0
ID03071,1
ID04868,1
ID04624,0
ID03638,0
ID05949,0
ID06218,1
ID06617,1
ID00116,1
ID03959,1
ID04908,1
ID06735,1
ID03289,1
ID06014,1
ID05384,1
ID05818,1
ID01320,1
ID03755,1
ID02777,0
ID06596,0
ID06727,0
ID04170,1
ID01756,1
ID05453,1
ID04767,0
ID01398,1
ID00824,1
ID01571,0
ID03647,0
ID05931,1
ID00224,0
ID00463,1
ID00552,0
ID01443,0
ID00262,1
ID04069,1
ID06715,0
ID01081,0
ID00995,0
ID06059,1
ID05379,1
ID04352,0
ID06907,0
ID04878,0
ID04044,0
ID01349,0
ID00580,1
ID02172,0
ID00299,0
ID01103,0
ID00320,0
ID02741,0
ID06506,0
ID03028,0
ID04747,1
ID04726,0
ID03470,0
ID04643,0
ID00297,0
ID00173,0
ID05521,0
ID01312,1
ID01971,1
ID00490,1
ID01762,0
ID00780,1
ID06944,0
ID01314,0
ID02117,1
ID04879,1
ID06633,0
ID02333,1
ID06666,0
ID06474,0
ID01726,0
ID05195,1
ID04153,1
ID05288,1
ID05376,0
ID03116,1
ID01638,0
ID02287,1
ID02857,0
ID04540,0
ID00883,1
ID01331,1
ID05591,1
ID00767,1
ID06582,1
ID04740,0
ID06981,1
ID03685,1
ID00993,1
ID01102,1
ID00597,0
ID03259,1
ID05456,1
ID06385,0
ID05747,0
ID00222,1
ID00890,0
ID02913,0
ID05940,0
ID01105,0
ID04364,1
ID06147,0
ID01752,0
ID00336,1
ID04314,0
ID00426,0
ID04601,0
ID02978,0
ID00735,0
ID05783,1
ID03398,1
ID01747,0
ID05408,0
ID00466,1
ID05621,0
ID04591,1
ID00574,0
ID07032,1
ID01418,1
ID00625,0
ID04464,0
ID00404,0
ID03371,0
ID02000,1
ID01078,0
ID00236,0
ID02466,0
ID05371,0
ID04494,1
ID05853,0
ID05656,1
ID04824,1
ID01526,1
ID01899,0
ID03859,1
ID01600,1
ID01114,1
ID03692,0
ID06532,1
ID05156,0
ID02638,0
ID00265,1
ID01396,1
ID05504,1
ID02053,1
ID02766,0
ID03921,1
ID00631,0
ID03904,1
ID00406,0
ID04306,1
ID05267,0
ID00430,1
ID01868,0
ID03622,1
ID05086,0
ID03287,1
ID01727,0
ID02634,1
ID04633,1
ID06046,1
ID03150,0
ID04369,0
ID01455,0
ID01621,0
ID01535,0
ID00543,1
ID06773,0
ID05571,1
ID05356,0
ID01478,1
ID00300,0
ID02552,1
ID03686,0
ID04389,0
ID01590,0
ID03065,1
ID04818,0
ID05835,0
ID02844,1
ID05198,0
ID01579,0
ID04048,0
ID05575,1
ID06050,1
ID05953,1
ID03722,0
ID04669,0
ID06122,0
ID04711,1
ID05737,1
ID04019,1
ID03527,1
ID00366,0
ID06495,1
ID05160,0
ID03802,1
ID04778,1
ID06457,1
ID00889,0
ID01459,1
ID03098,0
ID03020,1
ID05281,1
ID01681,0
ID00809,1
ID00279,1
ID04941,1
ID04997,1
ID02708,1
ID01219,0
ID03518,1
ID06062,0
ID06002,0
ID04177,0
ID05487,0
ID05920,1
ID04474,1
ID05904,1
ID04715,1
ID04762,1
ID02668,0
ID04907,0
ID04653,1
ID04483,0
ID06811,0
ID01069,1
ID03657,1
ID00572,1
ID06534,1
ID00332,1
ID04043,1
ID04940,0
ID04888,0
ID03938,1
ID01804,0
ID03670,1
ID02224,0
ID04584,0
ID01392,1
ID04037,1
ID01588,1
ID05723,1
ID02234,0
ID04142,0
ID02372,1
ID04100,0
ID05903,1
ID02422,1
ID04283,1
ID06144,0
ID04655,0
ID05608,1
ID02775,1
ID04659,1
ID00204,1
ID06366,0
ID00746,0
ID04557,0
ID04630,1
ID03716,0
ID00612,0
ID01791,0
ID05938,0
ID01914,0
ID01532,0
ID02073,0
ID06298,1
ID00002,0
ID06725,1
ID04265,1
ID05239,1
ID06137,0
ID03447,1
ID03070,1
ID05868,0
ID06821,1
ID06049,0
ID03076,0
ID01801,0
ID06566,1
ID04990,1
ID03394,1
ID06897,0
ID06707,0
ID04005,0
ID05005,1
ID03428,0
ID03253,1
ID03723,0
ID01513,1
ID04616,1
ID04694,1
ID05963,0
ID04918,0
ID05536,0
ID05541,1
ID01492,1
ID06625,1
ID03905,0
ID01515,1
ID05447,0
ID05918,0
ID06055,0
ID00423,1
ID06389,0
ID05757,1
ID06971,0
ID03810,0
ID01924,1
ID00491,1
ID05382,0
ID01900,0
ID00106,1
ID02313,0
ID01595,1
ID03798,0
ID06676,1
ID00335,0
ID02542,0
ID02173,1
ID00987,1
ID06241,1
ID05838,0
ID01179,0
ID00257,1
ID00301,1
ID00936,1
ID02021,0
ID02925,0
ID03364,0
ID06436,0
ID02358,1
ID00039,1
ID00789,1
ID00080,1
ID03994,1
ID05999,1
ID06435,1
ID00906,0
ID02792,1
ID03107,0
ID03173,0
ID02808,1
ID06556,1
ID04801,1
ID03280,0
ID04214,0
ID06952,0
ID03619,1
ID06912,1
ID00661,1
ID01346,1
ID05337,1
ID00653,0
ID05398,1
ID04920,1
ID00803,1
ID03608,1
ID02229,1
ID03605,0
ID00918,0
ID02642,1
ID00337,1
ID04397,0
ID05353,0
ID04164,0
ID02965,1
ID05326,0
ID01773,0
ID00097,0
ID01480,0
ID00258,1
ID02223,1
ID04484,1
ID06577,0
ID02409,0
ID03765,1
ID06051,0
ID02944,1
ID04235,1
ID04774,0
ID00726,0
ID06452,1
ID01720,1
ID03616,1
ID04440,1
ID03915,0
ID03232,0
ID00787,1
ID04568,0
ID06012,0
ID00380,0
ID00695,0
ID05012,0
ID06938,1
ID04511,1
ID03602,0
ID03826,0
ID01860,0
ID00606,1
ID01794,0
ID01889,0
ID03604,1
ID01539,0
ID04979,1
ID06429,0
ID03931,1
ID03296,1
ID00283,1
ID00636,0
ID03654,0
ID02682,1
ID06541,0
ID01176,1
ID03789,1
ID00510,1
ID02629,1
ID00641,0
ID05155,1
ID06111,1
ID01503,0
ID06217,1
ID04242,1
ID04213,0
ID04445,1
ID00111,0
ID02958,0
ID06104,0
ID04563,1
ID06361,0
ID06392,0
ID03973,0
ID04149,0
ID02644,1
ID04638,1
ID02789,1
ID04942,0
ID04957,1
ID05857,0
ID06862,1
ID04873,1
ID06139,0
ID04281,0
ID02973,0
ID01562,1
ID01623,0
ID06829,1
ID02515,0
ID03517,0
ID01263,0
ID03896,1
ID06081,0
ID00911,1
ID06979,1
ID02142,1
ID06443,1
ID00699,0
ID00141,1
ID01581,1
ID01266,1
ID02934,0
ID04449,0
ID00082,1
ID04647,1
ID06512,1
ID00921,0
ID05864,0
ID06572,1
ID00784,0
ID04016,0
ID05450,0
ID04446,0
ID01645,0
ID00392,0
ID03975,0
ID00562,0
ID03766,0
ID05451,1
ID04387,1
ID02757,0
ID02125,0
ID05229,0
ID00402,0
ID01948,1
ID06226,1
ID06701,1
ID06256,0
ID02262,1
ID01776,0
ID06088,0
ID06800,1
ID02156,0
ID00747,0
ID04871,0
ID00362,0
ID00738,0
ID00657,1
ID02645,0
ID06784,0
ID03372,1
ID02570,0
ID06309,1
ID06688,1
ID00645,0
ID04808,0
ID01566,1
ID00288,0
ID06203,0
ID04750,0
ID05533,1
ID06038,0
ID04156,1
ID02902,0
ID06327,0
ID00378,1
ID06383,0
ID01165,0
ID06827,1
ID06005,0
ID03873,0
ID02150,1
ID03243,0
ID01343,1
ID00567,0
ID00734,1
ID04198,0
ID02517,1
ID04887,0
ID00250,1
ID02588,0
ID06717,1
ID02028,1
ID06449,1
ID02340,1
ID06925,0
ID00046,1
ID02698,0
ID00711,1
ID00702,0
ID02492,1
ID04639,0
ID01245,0
ID01330,0
ID05025,0
ID06732,1
ID05902,1
ID04748,0
ID00842,1
ID06317,0
ID01015,1
ID01073,1
ID00878,1
ID04011,0
ID01541,1
ID02360,0
ID06031,1
ID05048,0
ID03568,0
ID03393,0
ID06812,0
ID03438,0
ID03001,1
ID06552,0
ID01276,0
ID05009,1
ID02972,0
ID01876,1
ID05515,1
ID05310,0
ID02627,1
ID00673,0
ID01204,0
ID04133,0
ID01788,1
ID03481,1
ID01127,1
ID04458,0
ID05436,0
ID01961,1
ID04182,0
ID05763,1
ID05727,1
ID01700,1
ID06027,0
ID01665,1
ID01034,1
ID04552,0
ID01666,0
ID04712,0
ID05670,0
ID04132,1
ID04531,1
ID06943,1
ID05031,1
ID01529,0
ID04614,1
ID05076,0
ID05716,0
ID04252,1
ID00786,0
ID01636,1
ID02530,1
ID02440,0
ID02562,0
ID01454,0
ID06785,1
ID05580,1
ID02454,0
ID04081,1
ID06315,1
ID07024,0
ID07008,1
ID02886,1
ID01991,1
ID05346,1
ID02926,1
ID05570,0
ID03882,1
ID05791,0
ID02784,1
ID00698,0
ID01463,0
ID06683,1
ID05721,0
ID02818,0
ID04612,0
ID01361,1
ID05242,1
ID05831,1
ID00848,0
ID03153,1
ID05240,1
ID02786,1
ID03349,1
ID04524,0
ID05359,0
ID04394,1
ID02181,0
ID04721,0
ID05480,0
ID00638,1
ID00026,0
ID06362,1
ID05980,1
ID05615,0
ID02575,1
ID06305,1
ID02727,0
ID03007,1
ID04061,0
ID01228,1
ID02912,1
ID02825,0
ID06824,0
ID01509,1
ID00454,1
ID04381,1
ID00773,1
ID05113,0
ID00364,0
ID04894,1
ID06955,0
ID03047,0
ID02974,1
ID01315,1
ID05177,0
ID04803,0
ID04781,1
ID04853,0
ID01901,1
ID06904,0
ID00124,0
ID02554,0
ID01244,1
ID06228,0
ID03475,1
ID00218,0
ID01627,0
ID05825,0
ID00694,0
ID06070,1
ID06108,0
ID05910,1
ID01354,0
ID03916,0
ID06895,1
ID03981,0
ID04390,1
ID00586,1
ID01872,1
ID00047,1
ID03756,0
ID06369,1
ID02712,0
ID06316,1
ID04486,1
ID01646,0
ID04442,0
ID04968,1
ID03452,0
ID00157,0
ID00353,0
ID05458,1
ID06058,1
ID06372,1
ID03656,0
ID06280,0
ID04533,0
ID01957,0
ID06518,1
ID04864,1
ID05594,0
ID00929,1
ID02451,1
ID02446,0
ID02903,0
ID00720,1
ID03225,1
ID05443,0
ID02731,1
ID00225,0
ID00973,0
ID06652,1
ID02730,1
ID03233,1
ID02755,1
ID01393,1
ID00979,0
ID03125,1
ID02350,1
ID04685,1
ID05343,1
ID00942,0
ID06333,0
ID03545,0
ID04766,0
ID00873,1
ID06777,0
ID05344,1
ID01917,1
ID01575,0
ID00254,0
ID01616,1
ID00775,0
ID02618,1
ID05793,1
ID02533,1
ID02281,0
ID05647,1
ID02846,1
ID06918,1
ID01411,0
ID02876,0
ID05941,1
ID06921,0
ID06071,1
ID00564,1
ID03497,1
ID02231,1
ID00413,1
ID06022,0
ID04807,1
ID02842,1
ID02658,0
ID06627,1
ID03998,0
ID01745,1
ID02875,0
ID01030,0
ID06730,1
ID06609,0
ID01693,1
ID05152,0
ID05792,0
ID02348,1
ID00305,0
ID03460,0
ID04849,0
ID01358,1
ID00226,0
ID01628,0
ID01306,0
ID00821,0
ID01423,0
ID06527,0
ID00844,0
ID02206,1
ID01274,1
ID04457,1
ID02191,0
ID04106,1
ID02591,0
ID01749,1
ID03353,0
ID01573,0
ID05334,1
ID04080,1
ID05170,0
ID05128,1
ID00649,1
ID06604,1
ID02624,1
ID00122,1
ID05150,0
ID05769,0
ID01795,1
ID04315,0
ID06569,1
ID00793,1
ID03069,1
ID00437,1
ID02177,0
ID06304,0
ID00060,0
ID03279,0
ID00743,1
ID05214,0
ID05569,1
ID01572,0
ID03163,0
ID02154,0
ID01704,1
ID03487,1
ID05896,1
ID06822,1
ID01921,0
ID02118,1
ID02608,0
ID00622,1
ID06947,1
ID01740,0
ID00074,1
ID05573,1
ID03500,0
ID06410,0
ID06933,1
ID04297,0
ID03558,1
ID02314,1
ID04915,0
ID05613,0
ID04891,0
ID02551,0
ID05558,1
ID04683,0
ID05562,1
ID05908,1
ID01212,1
ID01066,1
ID06310,0
ID02089,0
ID06636,1
ID00988,1
ID00834,1
ID03854,0
ID04651,1
ID02027,0
ID04794,0
ID03435,1
ID03879,1
ID05630,1
ID01959,1
ID01873,0
ID00777,0
ID01390,1
ID02077,0
ID02311,1
ID03749,0
ID05942,0
ID04071,1
ID01735,1
ID05001,0
ID06239,1
ID05327,1
ID01945,1
ID06723,0
ID07003,0
ID03702,1
ID02114,1
ID03144,0
ID03586,1
ID05148,0
ID04622,0
ID04462,1
ID00003,1
ID04282,1
ID03244,0
ID02907,0
ID02057,1
ID06756,0
ID04843,0
ID03595,1
ID04687,1
ID01043,1
ID06110,0
ID01008,1
ID05511,1
ID03534,0
ID03235,0
ID01226,1
ID02212,0
ID04564,0
ID00548,0
ID05513,1
ID02559,1
ID03736,0
ID00169,1
ID04666,1
ID01093,1
ID04625,1
ID01391,0
ID00579,0
ID01879,1
ID06768,1
ID03185,1
ID02904,0
ID01911,1
ID06451,1
ID00294,1
ID04386,1
ID05695,1
ID04203,0
ID03086,0
ID01874,1
ID03693,1
ID04378,1
ID05300,1
ID02213,1
ID06678,0
ID02438,1
ID00530,1
ID06220,1
ID02193,0
ID01913,0
ID01022,0
ID06397,1
ID00550,0
ID01111,0
ID00797,1
ID00147,1
ID02378,0
ID04318,1
ID02384,0
ID06613,0
ID06156,1
ID04840,1
ID04323,1
ID01667,1
ID03851,0
ID00544,0
ID00719,1
ID02845,0
ID03389,0
ID03329,0
ID00676,1
ID05189,0
ID02750,1
ID01687,1
ID03286,0
ID03640,1
ID01824,1
ID00869,0
ID03140,1
ID02368,0
ID01199,0
ID03923,0
ID06857,1
ID05520,0
ID04856,0
ID01864,1
ID02256,1
ID04848,1
ID04700,1
ID00368,0
ID02295,0
ID01840,0
ID04476,0
ID03104,1
ID00662,0
ID05986,0
ID05314,0
ID04609,1
ID06953,0
ID04825,0
ID06063,0
ID04377,1
ID01123,1
ID03305,0
ID02189,0
ID03482,1
ID05686,1
ID06466,0
ID04161,1
ID04691,0
ID05123,0
ID05263,1
ID00193,0
ID01364,0
ID02605,1
ID03501,1
ID02456,0
ID02254,1
ID02391,1
ID01096,1
ID05377,0
ID02460,1
ID04672,1
ID06729,0
ID04421,1
ID06232,0
ID03562,1
ID02544,1
ID01140,1
ID01451,1
ID06557,0
ID06165,1
ID02610,0
ID02374,0
ID01281,0
ID00791,0
ID03464,1
ID04344,0
ID06843,1
ID02461,0
ID01641,1
ID01041,0
ID06699,1
ID04285,0
ID00441,0
ID07004,1
ID00633,1
ID00658,0
ID04820,0
ID06274,0
ID03984,0
ID00165,1
ID04450,0
ID03623,0
ID00285,0
ID03809,1
ID05967,1
ID05726,1
ID04999,1
ID03277,0
ID02504,0
ID00153,0
ID04797,0
ID05687,1
ID04385,0
ID00162,0
ID01282,0
ID06219,0
ID03513,1
ID02770,0
ID01574,0
ID04358,1
ID00997,1
ID01754,1
ID01619,0
ID00094,0
ID05117,1
ID01186,1
ID06520,0
ID02431,0
ID01622,1
ID01061,0
ID03849,1
ID02126,1
ID03742,1
ID03227,0
ID02968,0
ID02783,0
ID02602,1
ID00884,0
ID05542,1
ID05603,0
ID00665,0
ID03199,0
ID00338,0
ID01511,0
ID05213,1
ID05800,1
ID04519,1
ID01196,0
ID05973,1
ID03609,1
ID01518,0
ID05525,1
ID05750,0
ID03991,0
ID07033,1
ID00327,1
ID02480,0
ID00166,1
ID06153,1
ID01980,1
ID04437,1
ID00888,1
ID03852,0
ID01753,0
ID01819,1
ID00167,1
ID00457,1
ID02721,0
ID03969,0
ID01386,0
ID05423,0
ID05034,1
ID02497,0
ID06160,1
ID03102,1
ID06367,0
ID03812,0
ID01530,0
ID02066,0
ID06540,1
ID01488,0
ID01506,0
ID03457,0
ID05593,0
ID02922,1
ID06472,1
ID03781,0
ID00540,1
ID00161,1
ID00811,0
ID05722,1
ID06766,0
ID06073,1
ID04262,0
ID02524,1
ID02518,0
ID03885,0
ID06288,0
ID04403,1
ID00755,0
ID04752,1
ID02798,1
ID03585,1
ID03344,1
ID02683,1
ID02669,0
ID02248,0
ID01348,1
ID06426,1
ID02482,0
ID04057,0
ID05934,1
ID03171,0
ID05106,0
ID04695,0
ID00856,0
ID05872,0
ID02589,1
ID00156,1
ID04307,1
ID07035,0
ID06236,0
ID01048,1
ID00963,0
ID01260,1
ID01649,0
ID06924,1
ID06908,0
ID05678,1
ID01839,1
ID05885,0
ID03522,0
ID02011,0
ID05692,0
ID00422,0
ID02090,0
ID04580,1
ID01848,0
ID02612,1
ID01520,1
ID02574,1
ID00233,1
ID00109,0
ID01415,1
ID00913,1
ID01473,0
ID01185,0
ID02579,0
ID06278,0
ID04829,0
ID02470,0
ID04345,1
ID06266,0
ID01925,0
ID05238,1
ID02176,0
ID04757,0
ID01880,0
ID01702,1
ID04986,1
ID01698,1
ID02284,0
ID00328,1
ID01592,0
ID05914,1
ID03659,0
ID02192,1
ID01291,0
ID05051,0
ID04558,1
ID06523,0
ID04342,1
ID00615,1
ID02509,0
ID03559,0
ID00671,1
ID05136,1
ID01163,1
ID01800,0
ID04303,1
ID02894,0
ID06330,1
ID01203,1
ID06229,1
ID04770,1
ID03759,0
ID04415,1
ID06536,1
ID00813,1
ID01714,0
ID01785,1
ID03267,0
ID04346,0
ID06201,1
ID05142,0
ID05624,0
ID04841,0
ID01143,1
ID01690,1
ID03184,1
ID04619,1
ID01988,1
ID04064,0
ID03466,1
ID03625,1
ID05861,1
ID00139,1
ID01465,0
ID02449,0
ID05862,1
ID00868,0
ID06651,0
ID03158,0
ID06792,0
ID02135,0
ID06745,1
ID03806,0
ID01271,1
ID00536,1
ID03078,1
ID01861,0
ID01057,0
ID00081,1
ID00375,1
ID03134,0
ID00611,0
ID01841,1
ID03335,1
ID03264,1
ID04561,1
ID03977,0
ID02809,0
ID05725,0
ID03590,0
ID04714,0
ID01977,0
ID06331,0
ID05090,1
ID05464,1
ID00429,0
ID01533,1
ID00267,1
ID05121,0
ID03429,1
ID00119,1
ID05387,1
ID02198,1
ID06594,0
ID05104,0
ID05097,0
ID06949,1
ID02069,1
ID01075,0
ID00667,1
ID03396,1
ID06622,0
ID00957,0
ID00687,1
ID02338,1
ID01669,0
ID00448,1
ID02523,1
ID00241,1
ID06675,1
ID06637,0
ID03637,1
ID00125,0
ID03847,0
ID04436,0
ID00956,1
ID05795,1
ID04056,0
ID04627,0
ID00778,1
ID01216,0
ID05345,1
ID01898,1
ID04857,1
ID02827,0
ID05497,1
ID01890,0
ID02128,0
ID01998,1
ID02294,0
ID02613,0
ID06186,0
ID00898,1
ID04518,1
ID04220,1
ID02267,1
ID00816,1
ID04812,0
ID04000,1
ID02692,1
ID02443,0
ID02250,1
ID03354,0
ID00073,0
ID05534,1
ID00263,1
ID05596,0
ID04572,0
ID05703,0
ID01555,0
ID02630,1
ID00295,0
ID00535,1
ID02292,0
ID02071,1
ID06164,1
ID03669,0
ID00381,1
ID02987,0
ID02361,1
ID00922,1
ID06113,1
ID05409,0
ID01705,1
ID04776,0
ID00640,0
ID01883,0
ID01307,0
ID00555,1
ID01886,1
ID04165,0
ID02388,1
ID02580,1
ID03588,0
ID05743,1
ID00950,0
ID00688,0
ID02059,0
ID04237,1
ID00945,0
ID03907,0
ID04304,0
ID01220,0
ID03552,1
ID02835,0
ID00379,0
ID00035,1
ID06072,0
ID06740,0
ID06140,0
ID06371,1
ID00833,0
ID05405,0
ID03373,1
ID00518,1
ID05475,0
ID01464,0
ID03038,0
ID00252,0
ID05788,1
ID05830,0
ID06994,0
ID05395,1
ID03866,1
ID00452,1
ID00313,1
ID05699,0
ID05510,0
ID04188,0
ID05133,1
ID06468,1
ID03939,1
ID06033,0
ID05890,0
ID06646,1
ID01916,0
ID06086,1
ID06498,0
ID04809,0
ID01580,0
ID04027,0
ID06289,0
ID00647,0
ID03615,1
ID03699,1
ID05802,0
ID03273,0
ID00750,1
ID04173,0
ID04914,1
ID05127,0
ID05909,0
ID04163,0
ID05373,0
ID03925,1
ID03271,1
ID02030,0
ID06343,0
ID02696,1
ID05922,1
ID01119,1
ID06722,1
ID05023,1
ID03061,1
ID05900,0
ID06746,1
ID02201,0
ID04351,0
ID05979,1
ID03294,0
ID00174,1
ID03151,1
ID00754,1
ID04642,1
ID02852,1
ID06882,1
ID02869,1
ID04793,1
ID02891,1
ID01949,0
ID03828,1
ID01495,0
ID03453,0
ID05718,0
ID02707,0
ID06210,0
ID04663,1
ID05858,1
ID06016,0
ID03808,0
ID05856,1
ID01958,1
ID05617,1
ID04103,1
ID01374,0
ID05461,1
ID04275,1
ID00908,1
ID02399,0
ID05886,0
ID03440,0
ID02534,1
ID02611,1
ID06001,0
ID04977,0
ID04093,1
ID03667,0
ID04895,0
ID04897,1
ID00664,1
ID01287,0
ID02496,1
ID02407,0
ID06914,0
ID03320,0
ID01504,1
ID03502,0
ID04676,1
ID00517,1
ID01000,0
ID02242,0
ID02218,0
ID06915,1
ID05556,0
ID01434,0
ID03724,0
ID06799,1
ID02074,1
ID03573,0
ID05735,0
ID05664,0
ID04115,1
ID04017,1
ID03424,0
ID05293,0
ID04620,0
ID05785,0
ID01332,1
ID02303,1
ID07026,0
ID06225,0
ID01389,0
ID02838,0
ID05143,1
ID06808,0
ID00483,0
ID06986,1
ID04338,0
ID02954,0
ID02076,1
ID06850,1
ID02563,0
ID06406,1
ID02813,1
ID03265,1
ID05279,0
ID00311,0
ID03714,1
ID04175,0
ID01844,1
ID01820,0
ID05116,1
ID03528,0
ID07005,0
ID02946,1
ID03375,1
ID02345,1
ID02952,1
ID01352,0
ID01487,0
ID00584,1
ID02353,1
ID04217,0
ID03830,0
ID02615,0
ID06267,1
ID00291,0
ID07036,1
ID03597,0
ID01677,0
ID06664,0
ID00705,1
ID05035,1
ID03215,0
ID00830,1
ID06760,0
ID06558,0
ID06939,1
ID02457,1
ID06681,0
ID04509,1
ID01175,0
ID06761,0
ID04759,0
ID01761,0
ID01184,0
ID01926,1
ID04033,1
ID02843,1
ID01170,1
ID02649,1
ID05316,1
ID00063,1
ID06886,0
ID05203,0
ID03569,0
ID06250,1
ID00852,0
ID03448,0
ID02679,1
ID03351,0
ID00864,0
ID03051,1
ID04441,0
ID06789,0
ID03068,1
ID01402,0
ID05772,1
ID04709,1
ID00244,0
ID02450,0
ID05964,0
ID04330,0
ID03486,0
ID05887,0
ID03827,1
ID01058,0
ID02601,0
ID04052,1
ID03633,0
ID02510,1
ID00372,1
ID04779,1
ID03023,0
ID04319,1
ID04693,0
ID05110,1
ID06859,0
ID01139,0
ID02956,1
ID01347,1
ID03948,0
ID02752,1
ID01992,0
ID00159,1
ID03468,1
ID06182,0
ID05810,0
ID06838,1
ID05275,1
ID04516,1
ID04771,1
ID04212,1
ID04909,1
ID03328,0
ID01578,1
ID03405,0
ID02308,0
ID05216,0
ID03054,0
ID01981,0
ID05985,0
ID03484,1
ID04302,0
ID04309,0
ID01100,0
ID02547,0
ID00508,1
ID00682,1
ID06733,0
ID02889,0
ID06003,0
ID06459,0
ID05043,1
ID05815,1
